{
"graphicSize": [ 960, 640 ],
"boardSize": [ 30, 20 ],
"tileSize": 32,
"fpsRange": [ 20, 60 ],
"tiles": [ 0, 0, 0, 0, 0, 0, 0, 0, 0, 0, 0, 0, 0, 0, 0, 0, 0, 0, 0, 0, 0, 0, 0, 0, 0, 0, 0, 0, 0, 0, 0, 0, 0, 0, 0, 0, 0, 0, 0, 0, 0, 0, 0, 0, 0, 0, 0, 0, 0, 0, 0, 0, 0, 0, 0, 0, 0, 0, 0, 0, 0, 0, 0, 1, 0, 0, 1, 1, 1, 1, 1, 1, 1, 1, 1, 1, 1, 1, 1, 1, 0, 0, 0, 0, 0, 0, 0, 0, 0, 0, 0, 0, 0, 1, 1, 1, 1, 1, 1, 1, 1, 1, 1, 1, 1, 1, 1, 1, 1, 1, 0, 0, 0, 0, 0, 0, 0, 0, 0, 0, 0, 0, 0, 1, 1, 1, 1, 1, 1, 1, 1, 1, 1, 1, 1, 1, 1, 1, 1, 1, 0, 0, 0, 0, 0, 0, 0, 0, 0, 0, 0, 0, 0, 1, 1, 1, 1, 1, 1, 1, 1, 1, 1, 1, 1, 1, 1, 1, 1, 1, 0, 0, 0, 0, 0, 0, 0, 0, 0, 0, 0, 0, 0, 1, 1, 1, 1, 1, 1, 1, 1, 1, 1, 1, 1, 1, 1, 1, 1, 1, 0, 0, 0, 0, 0, 0, 0, 0, 0, 0, 0, 0, 0, 1, 1, 1, 1, 1, 1, 1, 1, 1, 1, 1, 1, 1, 1, 1, 1, 1, 0, 0, 0, 0, 0, 0, 0, 0, 0, 0, 0, 0, 0, 1, 1, 1, 1, 1, 1, 1, 1, 1, 1, 1, 1, 1, 1, 1, 1, 1, 0, 0, 0, 0, 0, 0, 0, 0, 0, 0, 0, 0, 0, 1, 1, 1, 1, 1, 1, 1, 1, 1, 1, 1, 1, 1, 1, 1, 1, 1, 0, 0, 0, 0, 0, 0, 0, 0, 0, 0, 0, 0, 0, 1, 1, 1, 1, 1, 1, 1, 1, 1, 1, 1, 1, 1, 1, 1, 1, 1, 0, 0, 0, 0, 0, 0, 0, 0, 0, 0, 0, 0, 0, 1, 1, 1, 1, 1, 1, 1, 1, 1, 1, 1, 1, 1, 1, 1, 1, 1, 0, 0, 0, 0, 0, 0, 0, 0, 0, 0, 0, 0, 0, 1, 1, 1, 1, 1, 1, 1, 1, 1, 1, 1, 1, 1, 1, 1, 1, 1, 1, 1, 1, 1, 1, 1, 1, 0, 0, 0, 0, 0, 0, 1, 1, 1, 1, 1, 1, 1, 1, 1, 1, 1, 1, 1, 1, 1, 1, 1, 1, 1, 1, 1, 1, 1, 1, 0, 0, 0, 0, 0, 0, 1, 1, 1, 1, 1, 1, 1, 1, 1, 1, 1, 1, 1, 1, 1, 1, 1, 1, 1, 1, 1, 1, 1, 1, 0, 0, 0, 0, 0, 0, 1, 1, 1, 1, 1, 1, 1, 1, 1, 1, 1, 1, 1, 1, 1, 1, 1, 1, 1, 1, 1, 1, 1, 1, 0, 0, 0, 0, 0, 0, 1, 1, 1, 1, 1, 1, 1, 1, 1, 1, 1, 1, 1, 1, 1, 1, 1, 1, 1, 1, 1, 1, 1, 1, 0, 0, 0, 0, 0, 0, 1, 1, 1, 1, 1, 1, 1, 1, 1, 1, 1, 1, 1, 1, 1, 1, 1, 1, 1, 1, 1, 1, 1, 1, 0, 0, 0, 0, 0, 0, 1, 1, 1, 1, 1, 1, 1, 1, 1, 1, 1, 1, 1, 1, 1, 1, 1, 1, 1, 1, 1, 1, 1, 1, 0, 0, 0, 0, 0, 0, 1, 1, 1, 1, 1, 1, 1, 1, 1, 1, 1, 1, 1, 1, 1, 1, 1, 1, 1, 1, 1, 1, 1, 1, 0, 0, 0 ],
"lighting": {
	"color": [ 0.9, 0.9, 0.9, 0.8 ],
	"gamma": true,
	"diffuse": true,
	"blur": 3
},
"lights": [
	{
		"color": [ 1, 1, 0, 1 ],
		"distance": 9,
		"angle": 25
	},
	{
		"color": [ 1, 1, 0, 1 ],
		"distance": 9,
		"angle": 25
	},
	{
		"color": [ 1, 1, 0, 1 ],
		"distance": 9,
		"angle": 25
	},
	{
		"color": [ 1, 0.9019608, 0.14901961, 1 ],
		"distance": 7,
		"angle": 30
	}
],
"avatar": {
	"pos": [ 5, 15 ]
},
"guards": [
	{
		"name": "guard",
		"pos": [ 21, 2 ],
		"status": "sleep",
		"force": 40,
		"sensitiveRadius": 1.6,
		"path": [ 21, 3, 21, 2 ],
		"objectivepath": [],
		"lightIndex": 0,
		"sector": 0,
		"direction": "up"
	},
	{
		"name": "guard",
		"pos": [ 23, 5 ],
		"status": "sleep",
		"force": 40,
		"sensitiveRadius": 1.6,
		"path": [ 23, 6, 23, 5 ],
		"objectivepath": [],
		"lightIndex": 1,
		"sector": 0,
		"direction": "down"
	}
],
"exit": {
	"pos": [ 5, 16 ],
	"size": [ 2, 1 ]
},
"boxes": [],
"switches": [
	{
		"name": "switch1",
		"pos": [ 10, 15 ],
		"switched": false,
		"doors": [
			"door1",
			"door2"
		],
		"lasers": []
	},
	{
		"name": "switch2",
		"pos": [ 12, 15 ],
		"switched": true,
		"doors": [
			"door3"
		],
		"lasers": []
	}
],
"doors": [
	{
		"name": "door1",
		"isVertical": true,
		"pos": [ 17, 12 ],
		"open": false
	},
	{
		"name": "door2",
		"isVertical": true,
		"pos": [ 17, 6 ],
		"open": false
	},
	{
		"name": "door3",
		"isVertical": false,
		"pos": [ 15, 3 ],
		"open": false
	}
],
"lasers": [
	{
		"name": "laser",
		"pos": [ 16, 10 ],
		"size": [ 3, 1 ],
		"timetolive": 999,
		"sector": 0
	},
	{
		"name": "laser",
		"pos": [ 16, 14 ],
		"size": [ 1, 2 ],
		"timetolive": 999,
		"sector": 0
	}
],
"cameras": [
	{
		"name": "camera",
		"pos": [ 6, 2 ],
		"on": true,
		"rotationSpeed": 0.8,
		"direction": [ 0, 0 ],
		"lightIndex": 2
	},
	{
		"name": "camera",
		"pos": [ 10, 2 ],
		"on": true,
		"rotationSpeed": 1,
		"direction": [ 1, 1 ],
		"lightIndex": 3
	}
],
"decoratives": [],
"objective": {
	"pos": [ 25, 3 ],
	"size": [ 1, 1 ],
	"textureIndex": 3,
	"hasAlarm": false,
	"doors": [],
	"lasers": []
},
"invalidTiles": [ 0, 19, 1, 19, 2, 19, 3, 19, 4, 19, 5, 19, 6, 19, 7, 19, 8, 19, 9, 19, 10, 19, 11, 19, 12, 19, 13, 19, 14, 19, 15, 19, 16, 19, 17, 19, 18, 19, 19, 19, 20, 19, 21, 19, 22, 19, 23, 19, 24, 19, 25, 19, 26, 19, 27, 19, 28, 19, 29, 19, 1, 18, 2, 18, 3, 18, 4, 18, 5, 18, 6, 18, 7, 18, 8, 18, 9, 18, 10, 18, 11, 18, 12, 18, 13, 18, 14, 18, 15, 18, 16, 18, 17, 18, 18, 18, 19, 18, 20, 18, 21, 18, 22, 18, 23, 18, 24, 18, 25, 18, 26, 18, 27, 18, 28, 18, 29, 18, 0, 17, 2, 17, 3, 17, 4, 17, 5, 17, 6, 17, 7, 17, 8, 17, 9, 17, 10, 17, 11, 17, 12, 17, 13, 17, 14, 17, 15, 17, 16, 17, 17, 17, 18, 17, 19, 17, 20, 17, 21, 17, 22, 17, 23, 17, 24, 17, 25, 17, 26, 17, 27, 17, 28, 17, 29, 17, 0, 16, 1, 16, 3, 16, 4, 16, 5, 16, 23, 16, 24, 16, 25, 16, 26, 16, 27, 16, 28, 16, 29, 16, 0, 15, 1, 15, 2, 15, 4, 15, 5, 15, 6, 15, 24, 15, 25, 15, 26, 15, 27, 15, 28, 15, 29, 15, 0, 14, 1, 14, 2, 14, 3, 14, 5, 14, 6, 14, 7, 14, 25, 14, 26, 14, 27, 14, 28, 14, 29, 14, 0, 13, 1, 13, 2, 13, 3, 13, 4, 13, 6, 13, 7, 13, 8, 13, 26, 13, 27, 13, 28, 13, 29, 13, 0, 12, 1, 12, 2, 12, 3, 12, 4, 12, 5, 12, 7, 12, 8, 12, 9, 12, 27, 12, 28, 12, 29, 12, 0, 11, 1, 11, 2, 11, 3, 11, 4, 11, 5, 11, 6, 11, 8, 11, 9, 11, 10, 11, 28, 11, 29, 11, 0, 10, 1, 10, 2, 10, 3, 10, 4, 10, 5, 10, 6, 10, 7, 10, 9, 10, 10, 10, 11, 10, 29, 10, 0, 9, 1, 9, 2, 9, 3, 9, 4, 9, 5, 9, 6, 9, 7, 9, 8, 9, 10, 9, 11, 9, 12, 9, 0, 8, 1, 8, 2, 8, 3, 8, 4, 8, 5, 8, 6, 8, 7, 8, 8, 8, 9, 8, 11, 8, 12, 8, 13, 8, 1, 7, 2, 7, 3, 7, 4, 7, 5, 7, 6, 7, 7, 7, 8, 7, 9, 7, 10, 7, 12, 7, 13, 7, 14, 7, 2, 6, 3, 6, 4, 6, 5, 6, 6, 6, 7, 6, 8, 6, 9, 6, 10, 6, 11, 6, 13, 6, 14, 6, 15, 6, 10, 5, 11, 5, 12, 5, 14, 5, 15, 5, 16, 5, 11, 4, 12, 4, 13, 4, 15, 4, 16, 4, 17, 4, 12, 3, 13, 3, 14, 3, 16, 3, 17, 3, 18, 3, 13, 2, 14, 2, 15, 2, 17, 2, 18, 2, 19, 2, 14, 1, 15, 1, 16, 1, 18, 1, 19, 1, 20, 1, 15, 0, 16, 0, 17, 0, 19, 0, 20, 0, 21, 0, 16, -1, 17, -1, 18, -1 ],
"exteriorwall": {
	"pos": [ 18, 12, 16, 6, 18, 6, 3, 16, 3, 15, 3, 14, 3, 13, 3, 12, 3, 11, 3, 10, 3, 9, 3, 7, 3, 1, 3, 2, 3, 3, 3, 4, 3, 4, 3, 5, 3, 6, 3, 8, 3, 0, 4, 0, 5, 0, 7, 0, 6, 0, 8, 0, 10, 0, 11, 0, 12, 0, 14, 0, 16, 0, 18, 0, 19, 0, 20, 0, 22, 0, 23, 0, 24, 0, 25, 0, 26, 0, 9, 0, 13, 0, 16, 0, 15, 0, 17, 0, 15, 1, 15, 5, 15, 6, 15, 4, 15, 7, 15, 8, 15, 9, 15, 9, 15, 10, 15, 11, 26, 6, 26, 5, 26, 4, 26, 3, 26, 2, 26, 1, 25, 6, 24, 6, 23, 6, 22, 6, 21, 6, 19, 6, 20, 6, 19, 7, 19, 8, 19, 9, 19, 10, 19, 11, 19, 12, 19, 13, 19, 14, 19, 15, 19, 16, 16, 12, 15, 12, 14, 12, 13, 12, 10, 12, 9, 12, 9, 16, 9, 15, 9, 14, 9, 13, 6, 16, 7, 16, 8, 16, 10, 16, 11, 16, 12, 16, 13, 16, 15, 16, 14, 16, 16, 16, 17, 16, 18, 16, 21, 0 ],
	"type": [ 0, 0, 0, 0, 0, 0, 0, 0, 0, 0, 0, 0, 0, 0, 0, 0, 0, 0, 0, 0, 0, 0, 0, 0, 0, 0, 0, 0, 0, 0, 0, 0, 0, 0, 0, 0, 0, 0, 0, 0, 0, 0, 0, 0, 0, 0, 0, 0, 0, 0, 0, 0, 0, 0, 0, 0, 0, 0, 0, 0, 0, 0, 0, 0, 0, 0, 0, 0, 0, 0, 0, 0, 0, 0, 0, 0, 0, 0, 0, 0, 0, 0, 0, 0, 0, 0, 0, 0, 0, 0, 0, 0, 0, 0, 0, 0, 0, 0, 0, 0 ]
},
"interiorwall": {
	"pos": [],
	"type": []
}
}